topology,target,BC1,BC2,BC3,BC4,BC5,BC6,H1.csv0,H1.csv1,H1.csvmean,H1.csvstd,time,H2.csv0,H2.csv1,H2.csvmean,H2.csvstd
0,4,0,0,0,0,0,1,0.0014854446411132812,0.002812628173828125,0.002149036407470703,0.30217965334914093,22.0,-0.00134390869140625,-0.002605120849609375,-0.0019745147705078126,0.3341991736175403
0,4,0,0,0,0,0,1,0.002812628173828125,0.0011122634887695312,0.001962445831298828,0.13129082199657702,25.0,-0.002605120849609375,-0.00018114166259765625,-0.0013931312561035157,0.08688133840915348
0,4,0,0,0,0,0,1,0.0014854446411132812,0.002812628173828125,0.002149036407470703,0.30217965334914093,22.0,-0.00134390869140625,-0.002605120849609375,-0.0019745147705078126,0.3341991736175403
0,4,0,0,0,0,0,1,0.002812628173828125,0.0011122634887695312,0.001962445831298828,0.13129082199657702,25.0,-0.002605120849609375,-0.00018114166259765625,-0.0013931312561035157,0.08688133840915348
